{
  "current_epoch": 41,
  "train_loss": 0.02516068102898247,
  "valid_loss": 0.4442553742537423,
  "valid_accuracy": 0.9648168176287685,
  "best_epoch": 36,
  "best_valid_loss": 0.3629266806538143,
  "best_valid_accuracy": 0.9648168176287685
}