{
  "current_epoch": 47,
  "train_loss": 0.01708458737475498,
  "valid_loss": 0.4458008122349542,
  "valid_accuracy": 0.9644957415168312,
  "best_epoch": 36,
  "best_valid_loss": 0.3629266806538143,
  "best_valid_accuracy": 0.9648168176287685
}