{
  "current_epoch": 29,
  "train_loss": 0.05631458560936302,
  "valid_loss": 0.4077098634507921,
  "valid_accuracy": 0.9635325131810193,
  "best_epoch": 29,
  "best_valid_loss": 0.3629266806538143,
  "best_valid_accuracy": 0.9635325131810193
}