{
  "current_epoch": 18,
  "train_loss": 0.12778101571257897,
  "valid_loss": 0.38604892057085793,
  "valid_accuracy": 0.9586994727592267,
  "best_epoch": 18,
  "best_valid_loss": 0.3629266806538143,
  "best_valid_accuracy": 0.9586994727592267
}